subreddit_name,subscriber_count,num_rules,moderator_count,rule_severity
AskReddit,49338678,0,0,[]
ChangeMyView,3745485,0,0,[]
TodayILearned,38763031,0,0,[]
self,1478199,0,0,[]
offmychest,3262446,0,0,[]
Showerthoughts,33275802,0,0,[]
personalfinance,20093871,0,0,[]
AskScience,25910629,0,0,[]
Writing,2962815,0,0,[]
Advice,1139417,0,0,[]
LetsNotMeet,1190748,0,0,[]
SelfImprovement,1978725,0,0,[]
DecidingToBeBetter,1216219,0,0,[]
AskHistorians,2181113,0,0,[]
TwoXChromosomes,13647866,0,0,[]
CasualConversation,2479681,0,0,[]
InternetIsBeautiful,16617790,0,0,[]
nosleep,18039637,0,0,[]
WritingPrompts,18692497,0,0,[]
ExplainLikeImFive,22961751,0,0,[]
